,id,name,lat,lng,category
0,502a3b1be4b0f6fce31cf5d9,25F Gym,22.626299,120.307989,Gym
1,4ba37096f964a520273d38e3,凹子底森林公園,22.658769,120.299892,Park
2,5069a01ce4b007c938acc05f,自然呼吸,22.619298,120.317418,Yoga Studio
3,5dc6b5dcd19331000799a06e,Anytime Fitness 高雄左營高鐵店24小時健身房,22.681988,120.31138,Gym / Fitness Center
4,5e3d774a9b92a90008c4d914,World Gym世界健身俱樂部 高雄文衡店Express,22.641216,120.34941,Gym / Fitness Center
5,528c48a811d2ea3e14ceabe2,健身工廠 五福廠 Fitness Factory Wufu,22.623357297291175,120.30156168808007,Gym
6,53f2b5f3498e0cce145c47fe,蓮潭滑水主题樂園 Lotus Wake Park,22.678671308061414,120.29528243626423,Athletics & Sports
7,5c13accec36588002c01b5a3,健身工廠 fitness factory 同盟館,22.648819,120.286381,Gym / Fitness Center
8,5db8cedd1b5d710008d79fcc,武士健身中心,22.686687,120.31017,Gym / Fitness Center
9,4c62726879d1e21ecc16d615,澄清湖棒球場 Chengcing Lake Baseball Field,22.654227079865635,120.35839381316964,Baseball Field
10,4ff18dffe4b0c664a791bb92,鳳山體育館 Fongshan Stadium,22.621807602422077,120.3545431378625,Basketball Stadium
11,5a8a99ad5ba04633675ebf00,世大羽球館,22.689684,120.50798,Badminton Court
12,4e4bc885d22d8354d6f0fed2,澄觀園高爾夫球俱樂部,22.68870330147322,120.35297806472356,Golf Course
13,5d52992246156b0008300e5f,翔Flyyoga,22.611531,120.30989,Yoga Studio
14,6028c1e4d379643c1b508062,八號公園,22.644079,120.348007,Restaurant
15,5dd67c8929a4fe0008cf4ae2,H健身,22.71696,120.29876,Gym / Fitness Center
16,58803dc5af7d1738f03c41bd,Lian CrossFit,22.676987,120.309244,Gym
17,60290e69ec56fd686e9a5b67,World Gym世界健身俱樂部,22.630748,120.295552,Gym / Fitness Center
18,572c7dd0498eb687368b541a,中正高工運動場,22.613452,120.318851,Track
19,507d1dd7e4b0ee8339a0993e,某個竟然沒有人命名的高爾夫球練習場,22.59010216804657,120.3575887837552,Golf Course
20,5279d9dc498ee6ad0922f1e2,"Ocean Sports Center, NSYSU (國立中山大學海域運動中心)",22.627580563947053,120.26428995312251,Athletics & Sports
21,5dad0e61c576690008f74f88,Cool Cool Seaside (繽紛海濱鬥牛場),22.619555,120.272369,Basketball Court
22,4cf458e36195721e31db51c1,Nan Yi Golf Country Club,22.91253382188382,120.329843188349,Golf Course
23,5d4c12f5816c150008803833,鷹CrossFit Zing,22.630791,120.326205,Gym / Fitness Center
24,5dceb83daacab10007637b1b,Anytime Fitness 五甲店24小時健身房,22.603498,120.33718,Gym / Fitness Center
25,5768d41a498e5250f6c27745,Anytime Fitness City Council,22.627483,120.295435,Gym / Fitness Center
26,4f5c2d31e4b070e047a0d3b8,Ying Yoga Center,22.660765,120.305224,Yoga Studio
27,51fdcd28498ed09454f89a7c,艾傑國際羽球會館,22.65977631888209,120.36789616114073,Athletics & Sports
28,4dfe2b82a809ad96fa0a171f,Gym,22.862207,120.256493,Gym / Fitness Center
29,4e37f07a483bda3eb1159c7e,陽明國中溜冰場,22.64334487915039,120.3390121459961,Skate Park
30,4d97394497d06ea884ca150b,山湖觀高爾夫球場,22.73270358984235,120.63146953547479,Golf Course
31,4bc997cbcc8cd13acbd6bbcf,台糖長榮酒店 Evergreen Plaza Hotel Tainan,22.97435886729092,120.2206360493859,Hotel
32,5129d81ae4b0fd50b962647c,台南市立體育場,22.97892064900298,120.2060255021313,Athletics & Sports
33,60221b50d3277655f5d31846,順發蔘藥行- 中華國術館,23.002335,120.26071,Martial Arts School
34,50dc02f0e4b0de77ba375514,二寮觀日亭,22.992956450919376,120.40974211616629,Mountain
35,5daec1998813f20007fcb295,深呼吸永康館,23.01774,120.26056,Gym
36,4de0aac4e4cd846e408eebff,永康休閒育樂中心 | YongKang Recreation Center,23.037611759641145,120.27863235042699,Gym / Fitness Center
37,5a5757022619ee10982df0df,南區極限運動場,22.978233314347914,120.20742952823639,Skate Park
38,5fd60d8f4bce5d664e778559,多功能教室(二),22.9899,120.188062,Yoga Studio
39,5ba0ca6365211f002c2dc934,永華國民運動中心,22.990185,120.187302,Gym / Fitness Center
40,5e04a4535d1ab200076f308e,羽球場,22.989926,120.187619,Badminton Court
41,5242bf96498e72c9a7f4fa61,深呼吸健身房,23.011941566856617,120.20034448130261,Gym
42,511ef8d1e4b0d6060b481b3d,順天羽球館,23.019839,120.204382,Athletics & Sports
43,4bb07582f964a52076463ce3,Tainan Baseball Stadium (台南市立棒球場),22.9808456625674,120.20569024440368,Baseball Field
44,4d7f53fb564b8cfa1a7b0265,悠游館,23.016468224172737,120.19356912710722,Swim School
45,5c2730180e5da800399153ef,High Fun 綜合體能館,23.011452,120.190043,Climbing Gym
46,5de31acf4bcd6400075fb683,World Gym 台南西門 Sport 店,23.007736,120.206532,Gym / Fitness Center
47,5e15de346fab51000777f6fc,World Gym 台南樹林店,22.98632,120.19693,Gym
48,5d5cb5af9bc3f6000735ce0f,太陽體能健身中心(成功店),22.998102,120.20752,Gym / Fitness Center
49,51519f17e4b02ce001cc3ee6,鳳山市運動公園,22.615709,120.340734,Baseball Field
50,56527b38498ee2f567029aa2,Sense Yoga Studio 感受瑜珈,22.989275868660524,120.20870262425198,Yoga Studio
51,5a4c7727c21cb1539e490a44,健身工廠 Fitness Factory - 開元路,23.009694,120.223834,Gym / Fitness Center
52,5e50c910ba03bd0008931c35,新化極限運動場,23.029316,120.33549,Skate Park
53,5002bdefe4b063cc7bfeff50,臺南市立籃球場,22.971813911729193,120.2081502961241,Basketball Court
54,5253a42111d2328b65807739,eda rhinos 義大職棒事業股份有限公司,22.729739405720153,120.40249586105347,Baseball Field
55,50890796e4b0db195ec0bd33,義大 網球場,22.724851608276367,120.4082260131836,Tennis Court
56,500a3291e4b06a8f7c4b418e,Starcraft World Championship - Taiwan Nationals,22.726951,120.407067,Athletics & Sports
57,53d52077498e71106c7a8bf0,台南高爾夫球場 | TAINAN GOLF CLUB,23.037727920797437,120.33720016479491,Golf Course
58,601a874b5a1c413a68c3f855,豐嶸神力羽球館,22.653719,120.391638,Badminton Court
59,50fa558ab0ed2e97e68bc8da,樹谷活力館游泳池 TreeValeyPark Recreation Center Swimming Pool,23.10257910773331,120.26353597640991,Gym Pool
60,4c89ec106418a143a252dbce,中油高雄高球場,22.70355199665093,120.3002950719946,Golf Course
61,5a8ad445b1538e141f1c078f,南科直排輪溜冰場,23.103777,120.29003,Skating Rink
62,59ddfaf46eda024b583c5322,飆汗羽球館,22.738319,120.361082,Badminton Court
63,56d12a17498e4e0106bf5d2f,中信公益園區,22.737561,120.520132,Baseball Field
64,4ccc12c67c2ff04d616f967e,成大體育場,22.997054320549974,120.21473299554953,Gym
65,4f222693e4b02a95fc0cd700,維達都會生活俱樂部VIVA La VIDA,22.97966380745699,120.2183423453538,Gym / Fitness Center
66,5d46c931fbe4b200089dac3e,維達都會生活俱樂部,22.987728,120.182,Gym / Fitness Center
67,512d964ee4b043afd79e82f3,心動力健身房,22.983450352572735,120.2175339249144,Gym
68,5fc3740d697bd07fe4f6e092,推風世界,22.98759,120.198555,Sports Club
69,5bdfa64b93bd63002c0f3116,善鶴堂筋骨保健,22.984928,120.204619,Gym / Fitness Center
70,5dfee6940cb0fb000728e432,FITBOX 海安健身房,23.000379,120.198915,Gym / Fitness Center
71,5a4444bc3b83076b58b75ded,Crossfit Loga 綜合體能空間 永康店,23.006157,120.23495,Gym / Fitness Center
72,4f20f236e4b0a02157b7c2a1,永新高爾夫練習場,23.034269798335178,120.27415967351139,Golf Course
73,4e8681a293ad0c244157d4fe,大內高手訓練所,23.13788348409629,120.35060227022907,Military Base
74,57346b19498e3442939e8fc2,歸仁體育公園,22.962156,120.297255,Athletics & Sports
75,4ed06ede99114b48883279a9,新化高爾夫球場,23.036202,120.341733,Golf Course
76,511c957be4b0868f99040cdb,玉井運動公園,23.127274157752094,120.46889428363147,Athletics & Sports
77,4f8cf3cde4b08101159ce820,大崗山高爾夫球場,22.89266381521139,120.37115539644282,Golf Course
78,5cbae86206fb6000391e45cb,足球場,23.027663,120.303546,Soccer Field
79,4e83f5cd4690c0a782deefe4,Chianan Golf Course (嘉南高爾夫球場 Golf),23.168466695183156,120.37813517598836,Golf Course
80,4d16b60085fc6dcb5d28a84e,嘉南球場,23.171540828766716,120.36851536585287,Golf Course
81,4dbe3b59fa8cee72737aede5,信誼 Golf Course,22.765752303501046,120.41930822136554,Golf Course
82,53d52127498e41bea0fb951e,南寶高爾夫球場 | Nanpao Golf Club,23.151655677164914,120.37391424179079,Golf Course
83,570486db498effa8a880d2f4,賽嘉飛行場,22.755418,120.621449,Athletics & Sports
84,4d3b84be14aa8cfa671ca05e,新化球場,23.035856,120.341313,Golf Course
85,5c454760b5cb76002c6a4a0d,Baseball Stadium Pumen,22.759344,120.447955,Baseball Field
86,500a5fcfe4b004b23299921e,大衞營高爾夫球場,22.971073,120.516583,Golf Course
87,4f4c8ab9e4b03af95fb6084e,南寶高爾夫球場,23.14621958213251,120.3717408117314,Golf Course
88,4f519727e4b0c416037e0d81,永安高爾夫鄉村渡假俱樂部,23.28737108089942,120.44927367408094,Golf Course
89,53216f59498e04b5d9daf8f2,台灣首府大學 壘球場,23.191492080688477,120.27021789550781,Baseball Field
90,4e2ab7ce45dd3272c80a4259,宅 健身中心,23.059235,120.294721,Gym
91,4e4f7fdad164978659cad5e2,立德生活館,23.108456415883147,120.28312177328169,Gym / Fitness Center
92,5b49b3e6febf31002ca9b11b,斑芝花高爾夫俱樂部,23.286522,120.449538,Golf Course
93,4e7b16c88231623875dc9af4,綠水樹谷活力館,23.102253924209656,120.26343364105261,Gym / Fitness Center
94,5a87dc86588e362fef1532e8,柳營靶場,23.257153,120.404044,Athletics & Sports
95,502dad69e4b0648636d0b699,棕梠湖高爾夫球場,23.468650004360242,120.53363560598878,Golf Course
96,4d4bcbaf2220b1f76f0d2ed2,阿里山里佳村籃球場,23.405245,120.721381,Basketball Court
97,54e7e597498e784a05cd98b7,麟洛自行車道,22.655652736930648,120.54889814618488,Athletics & Sports
98,509dd870e4b070da09810f36,觀音湖高爾夫球練習場,22.711499,120.37405,Golf Course
99,4e71d36752b16b2491879edd,山湖觀高爾夫球場,22.690359424203635,120.53220201377499,Golf Course
100,54e7e7ed498e6e265efb0a07,單車國道,22.656118392944336,120.5504150390625,Athletics & Sports
101,4d56439848ea6ea8d1c8dea3,屏東運動公園棒球場,22.635414738217904,120.53315774370938,Baseball Field
102,58329579f697e03cb826778e,義大燕巢棒球場,22.769762,120.362,Athletics & Sports
103,50f0d6e8e4b0e33ebf58299e,Pingtung R/C Track,22.63785,120.53927,Athletics & Sports
104,5718b6d4cd109d890c28880f,體適堡健身中心,22.673515,120.489424,Gym / Fitness Center
105,4d5b93a12766f04da3967cf3,陸軍空降特戰｜德協士官隊 舊址,22.692874,120.542847,Gym / Fitness Center
106,5d9998fe6cd0f30007ab06a5,Enbujo (演武場),22.674904,120.49028,Art Gallery
107,4d8f36f85091a1cd21cfa001,E-DA WORLD | 義大冰星球,22.730413174332167,120.40439041544683,Skating Rink
108,5dcfd289b3477c00087f9ed1,屏東縣立田徑場,22.67605,120.492939,Athletics & Sports
109,54fd364e498eebc2067c6324,義大高爾夫練習場,22.728846,120.40642,Golf Course
110,56078628498eef0c17e44ca2,Pingtung City Sport Center (屏東市國民運動中心),22.678718231692567,120.4910651128116,Gym
111,56a88e89498ee928ab93931f,健身工廠屏東店,22.662853,120.506598,Gym
112,56066e3d498e263b79366de6,義守大學 室外籃球場,22.72851304477566,120.4044860839659,Basketball Court
113,4f7a7961e4b0a762950382ae,觀音山高爾夫球場,22.733356564911478,120.40651761639494,Golf Course
114,512e3f77e4b0c948a4de56c7,健身房 Gym,22.72989426077698,120.4013121023819,Gym
