,id,name,lat,lng,category
0,502a3b1be4b0f6fce31cf5d9,25F Gym,22.626299,120.307989,Gym
1,5dc6b5dcd19331000799a06e,Anytime Fitness 高雄左營高鐵店24小時健身房,22.681988,120.31138,Gym / Fitness Center
2,528c48a811d2ea3e14ceabe2,健身工廠 五福廠 Fitness Factory Wufu,22.623357297291175,120.30156168808007,Gym
3,5e3d774a9b92a90008c4d914,World Gym世界健身俱樂部 高雄文衡店Express,22.641216,120.34941,Gym / Fitness Center
4,5069a01ce4b007c938acc05f,自然呼吸,22.619298,120.317418,Yoga Studio
5,5c13accec36588002c01b5a3,健身工廠 fitness factory 同盟館,22.648819,120.286381,Gym / Fitness Center
6,4d19f584bb64224bba82d265,健身工廠 Fitness Factory,22.673613941537752,120.30492960740868,Gym
7,5e815765c0fe2a0008761711,鈞達骨科診所,22.630322,120.287674,Doctor's Office
8,5a7452a1bf7dde42296cae7a,Shri Yoga 完美瑜伽會館,22.661425,120.30825,Yoga Studio
9,56bd31ef498ec2ca2af14e17,mandy's gym,22.618476,120.303016,Gym
10,5db8cedd1b5d710008d79fcc,武士健身中心,22.686687,120.31017,Gym / Fitness Center
11,5d52992246156b0008300e5f,翔Flyyoga,22.611531,120.30989,Yoga Studio
12,5dd67c8929a4fe0008cf4ae2,H健身,22.71696,120.29876,Gym / Fitness Center
13,58803dc5af7d1738f03c41bd,Lian CrossFit,22.676987,120.309244,Gym
14,60290e69ec56fd686e9a5b67,World Gym世界健身俱樂部,22.630748,120.295552,Gym / Fitness Center
15,572c7dd0498eb687368b541a,中正高工運動場,22.613452,120.318851,Track
16,4ec26ed7cc212562ae5a9e61,Fitness Factory,22.670095,120.303597,Gym
17,5768d41a498e5250f6c27745,Anytime Fitness City Council,22.627483,120.295435,Gym / Fitness Center
18,5d4c12f5816c150008803833,鷹CrossFit Zing,22.630791,120.326205,Gym / Fitness Center
19,590324def8cbd4189147d678,Hotel Sunrise Fitness Center,22.614375,120.301459,Gym / Fitness Center
20,58a101d15cab2f7fd65f262c,R&B Fitness,22.656724649365923,120.30340039695147,Gym / Fitness Center
21,5dceb83daacab10007637b1b,Anytime Fitness 五甲店24小時健身房,22.603498,120.33718,Gym / Fitness Center
22,4d4e500edb1b3704cf2b0c1f,武德殿 Butokuten,22.624576333381523,120.27237365110737,Historic Site
23,595c84c495a72203b0eb3341,騎士健身俱樂部 Knight Gym,22.732513,120.330555,Gym / Fitness Center
24,4f5c2d31e4b070e047a0d3b8,Ying Yoga Center,22.660765,120.305224,Yoga Studio
25,4e1430f152b1695f992cb44d,潮州鎮立網球場,22.54766,120.551126,Gym
26,4dfe2b82a809ad96fa0a171f,Gym,22.862207,120.256493,Gym / Fitness Center
27,4d4b30aa4228721e5a4ac3c9,佳韻舞蹈教室,22.432762,120.517633,Gym / Fitness Center
28,4bc997cbcc8cd13acbd6bbcf,台糖長榮酒店 Evergreen Plaza Hotel Tainan,22.97435886729092,120.2206360493859,Hotel
29,60221b50d3277655f5d31846,順發蔘藥行- 中華國術館,23.002335,120.26071,Martial Arts School
30,5daec1998813f20007fcb295,深呼吸永康館,23.01774,120.26056,Gym
31,4de0aac4e4cd846e408eebff,永康休閒育樂中心 | YongKang Recreation Center,23.037611759641145,120.27863235042699,Gym / Fitness Center
32,5ba0ca6365211f002c2dc934,永華國民運動中心,22.990185,120.187302,Gym / Fitness Center
33,5fd60d8f4bce5d664e778559,多功能教室(二),22.9899,120.188062,Yoga Studio
34,5242bf96498e72c9a7f4fa61,深呼吸健身房,23.011941566856617,120.20034448130261,Gym
35,4ccc12c67c2ff04d616f967e,成大體育場,22.997054320549974,120.21473299554953,Gym
36,5a4c7727c21cb1539e490a44,健身工廠 Fitness Factory - 開元路,23.009694,120.223834,Gym / Fitness Center
37,512d964ee4b043afd79e82f3,心動力健身房,22.983450352572735,120.2175339249144,Gym
38,56527b38498ee2f567029aa2,Sense Yoga Studio 感受瑜珈,22.989275868660524,120.20870262425198,Yoga Studio
39,5e15de346fab51000777f6fc,World Gym 台南樹林店,22.98632,120.19693,Gym
40,4f222693e4b02a95fc0cd700,維達都會生活俱樂部VIVA La VIDA,22.97966380745699,120.2183423453538,Gym / Fitness Center
41,5de31acf4bcd6400075fb683,World Gym 台南西門 Sport 店,23.007736,120.206532,Gym / Fitness Center
42,5bdfa64b93bd63002c0f3116,善鶴堂筋骨保健,22.984928,120.204619,Gym / Fitness Center
43,5d5cb5af9bc3f6000735ce0f,太陽體能健身中心(成功店),22.998102,120.20752,Gym / Fitness Center
44,5d46c931fbe4b200089dac3e,維達都會生活俱樂部,22.987728,120.182,Gym / Fitness Center
45,4d7f53fb564b8cfa1a7b0265,悠游館,23.016468224172737,120.19356912710722,Swim School
46,5c2730180e5da800399153ef,High Fun 綜合體能館,23.011452,120.190043,Climbing Gym
47,4efc3dca0e6152f77793666c,柏宏腳底保健,22.62115090536354,120.31079845550894,Gym / Fitness Center
48,5dfee6940cb0fb000728e432,FITBOX 海安健身房,23.000379,120.198915,Gym / Fitness Center
49,4e8681a293ad0c244157d4fe,大內高手訓練所,23.13788348409629,120.35060227022907,Military Base
50,4d903f905091a1cd8b62b701,運動yoga,22.71186213,120.29038378,Yoga Studio
51,4e62e08cb993678bb6aeda6d,健身中心 Get In Shape,22.728172996536525,120.28828132162478,Gym
52,536035de11d2b4fa39909f6b,Gym at Evergreen Plaza,22.973717,120.224707,Gym
53,4e2ab7ce45dd3272c80a4259,宅 健身中心,23.059235,120.294721,Gym
54,50e560f3e4b00ecc30318d3d,Body House,22.673832,120.489935,Gym
55,5718b6d4cd109d890c28880f,體適堡健身中心,22.673515,120.489424,Gym / Fitness Center
56,5069772fe4b0e86559a57d6f,7-Eleven Starlight,22.649577125176542,120.35799411387369,Climbing Gym
57,4d5b93a12766f04da3967cf3,陸軍空降特戰｜德協士官隊 舊址,22.692874,120.542847,Gym / Fitness Center
58,603a09d77fcc512a21265fff,狂享舉,22.727826,120.279639,Gym
59,50fa558ab0ed2e97e68bc8da,樹谷活力館游泳池 TreeValeyPark Recreation Center Swimming Pool,23.10257910773331,120.26353597640991,Gym Pool
60,574e7d13498eeb00867fc43f,屏東市國民運動中心 Pingtung City Sport Center,22.67733,120.498145,Gym
61,513b2a4be4b04f702079a86f,健身工廠鳳山廠,22.641484568830073,120.34574920923099,Gym
62,597b510075a6ea23e940c1b9,小蕃薯樂園,22.677425,120.497672,Gym
63,5cf62eb72a7ab6002ca03dc9,Power Life,22.676478,120.344124,Gym
64,56a88e89498ee928ab93931f,健身工廠屏東店,22.662853,120.506598,Gym
65,4e7b16c88231623875dc9af4,綠水樹谷活力館,23.102253924209656,120.26343364105261,Gym / Fitness Center
66,59f424400fe7a07471ef6594,Anytime Fitness 高雄文山店24小時健身房,22.64201108438245,120.3490305333514,Gym / Fitness Center
67,5dcfd289b3477c00087f9ed1,屏東縣立田徑場,22.67605,120.492939,Athletics & Sports
68,56078628498eef0c17e44ca2,Pingtung City Sport Center (屏東市國民運動中心),22.678718231692567,120.4910651128116,Gym
69,59291d2e286fda44e107423b,台南玉市,22.983486,120.18608,Martial Arts School
70,512e3f77e4b0c948a4de56c7,健身房 Gym,22.72989426077698,120.4013121023819,Gym
71,4d48efed4509721ecf001fb0,Pylon Home,23.015777,120.191639,Gym / Fitness Center
72,5c973a7e9cadd9002ce00301,Gym At Silks Place,22.987651,120.199542,Gym / Fitness Center
73,5ea446adfc5dfb000845f592,Gym At Lakeshore Hotel,22.988871,120.199308,Gym
74,4da0042db787a1cd45f67710,健身工廠 Fitness Factory,22.99830101069399,120.18548369017155,Gym
75,5f4700a44862473708260fb0,Workout Room @ Cozzi,22.987204,120.198743,Gym / Fitness Center
76,5a4444bc3b83076b58b75ded,Crossfit Loga 綜合體能空間 永康店,23.006157,120.23495,Gym / Fitness Center
77,5fdc0d525a3f252949e91a42,易瑜伽,22.991511,120.165986,Yoga Studio
78,5850a62215fb43799f9365c8,BEING sport 統一健身俱樂部,22.99008,120.233371,Gymnastics Gym
79,4e4f7fdad164978659cad5e2,立德生活館,23.108456415883147,120.28312177328169,Gym / Fitness Center
80,60409cf00ee99767279aa0fe,重心健身,22.683316,120.481258,Gym
